slug,keyword,source_type,url,domain,supports_claim,published_or_updated,checked_at,status
guide,Pax Autocratica 攻略,Steam store,https://store.steampowered.com/app/1067360/Pax_Autocratica/,store.steampowered.com,发行状态、单人模式、殖民地与战斗循环,2026-08-10,2026-08-11,verified
guide,Pax Autocratica 攻略,Developer AMA,https://www.reddit.com/r/Games/comments/1vkcn3d/ama_developer_of_pax_autocratica_here_a/,reddit.com,开发者对核心玩法与俘获循环的公开说明,2026-08-10,2026-08-11,verified
wiki,Pax Autocratica wiki,Steam store,https://store.steampowered.com/app/1067360/Pax_Autocratica/,store.steampowered.com,商店官方截图与产品功能描述,2026-08-10,2026-08-11,verified
wiki,Pax Autocratica wiki,Developer AMA,https://www.reddit.com/r/Games/comments/1vkcn3d/ama_developer_of_pax_autocratica_here_a/,reddit.com,开发者公开描述的殖民地与战斗系统,2026-08-10,2026-08-11,verified
strategy,Pax Autocratica 策略,Steam store,https://store.steampowered.com/app/1067360/Pax_Autocratica/,store.steampowered.com,远征、殖民地生产与核心系统描述,2026-08-10,2026-08-11,verified
strategy,Pax Autocratica 策略,Developer AMA,https://www.reddit.com/r/Games/comments/1vkcn3d/ama_developer_of_pax_autocratica_here_a/,reddit.com,开发者公开描述的战斗和俘获机制,2026-08-10,2026-08-11,verified
tier-list,Pax Autocratica tier list,Steam store,https://store.steampowered.com/app/1067360/Pax_Autocratica/,store.steampowered.com,官方截图中的核心与组合机制背景,2026-08-10,2026-08-11,verified
tier-list,Pax Autocratica tier list,Official trailer,https://www.youtube.com/watch?v=G3OkYGmB3cY,youtube.com,官方发售预告片中的战斗与构筑展示,2026-08-10,2026-08-11,observed
walkthrough,Pax Autocratica walkthrough,Steam store,https://store.steampowered.com/app/1067360/Pax_Autocratica/,store.steampowered.com,官方截图中的任务与区域 UI,2026-08-10,2026-08-11,observed
walkthrough,Pax Autocratica walkthrough,Official trailer,https://www.youtube.com/watch?v=G3OkYGmB3cY,youtube.com,官方预告片中的玩法循环与场景,2026-08-10,2026-08-11,observed
review,Pax Autocratica 评测,Steam store,https://store.steampowered.com/app/1067360/Pax_Autocratica/,store.steampowered.com,Early Access 状态、功能和开发计划,2026-08-10,2026-08-11,verified
review,Pax Autocratica 评测,Developer AMA,https://www.reddit.com/r/Games/comments/1vkcn3d/ama_developer_of_pax_autocratica_here_a/,reddit.com,开发者对项目定位和发售的公开陈述,2026-08-10,2026-08-11,verified
multiplayer,Pax Autocratica 多人联机,Steam store,https://store.steampowered.com/app/1067360/Pax_Autocratica/,store.steampowered.com,当前商店功能列为单人游戏且合作仍属计划,2026-08-10,2026-08-11,verified
multiplayer,Pax Autocratica 多人联机,Developer AMA,https://www.reddit.com/r/Games/comments/1vkcn3d/ama_developer_of_pax_autocratica_here_a/,reddit.com,开发者发售日公开交流,2026-08-10,2026-08-11,observed
requirements,Pax Autocratica 配置,Steam store,https://store.steampowered.com/app/1067360/Pax_Autocratica/,store.steampowered.com,最低与推荐 Windows PC 配置,2026-08-10,2026-08-11,verified
requirements,Pax Autocratica 配置,Steam Community,https://steamcommunity.com/app/1067360/discussions/,steamcommunity.com,玩家对运行与平台问题的社区观察入口,2026-08-11,2026-08-11,observed
updates,Pax Autocratica 更新,Steam store,https://store.steampowered.com/app/1067360/Pax_Autocratica/,store.steampowered.com,商店的 Early Access 与更新历史入口,2026-08-10,2026-08-11,verified
updates,Pax Autocratica 更新,Steam Community,https://steamcommunity.com/app/1067360/discussions/,steamcommunity.com,社区公告与置顶更新入口,2026-08-11,2026-08-11,observed
official-links,Pax Autocratica 官网,Official website,https://paxautocratica.com/,paxautocratica.com,官方域名及其 www 重定向,2026-08-11,2026-08-11,verified
official-links,Pax Autocratica 官网,Steam Community,https://steamcommunity.com/app/1067360/discussions/,steamcommunity.com,官方置顶社交链接页入口,2026-08-11,2026-08-11,observed
about,Pax Autocratica 资料站,Official website,https://paxautocratica.com/,paxautocratica.com,第一方官方域名,2026-08-11,2026-08-11,verified
about,Pax Autocratica 资料站,Steam store,https://store.steampowered.com/app/1067360/Pax_Autocratica/,store.steampowered.com,商店产品与媒体来源,2026-08-10,2026-08-11,verified
guide,Pax Autocratica 攻略,Steam store (current),https://store.steampowered.com/app/1067360/Pax_Autocratica/,store.steampowered.com,Early Access；Windows；单人；完整手柄支持；随时存档；全语言 825 条评测中 740 好评/85 差评并标 Very Positive,2026-08-10,2026-08-13,verified
guide,Pax Autocratica 攻略,Steam Community news (AG-12),https://steamcommunity.com/app/1067360/allnews/,steamcommunity.com,Soldier Aging 开关；Exile；自动存档备份；手动投放数量；Infested Nest 难度降低；士兵升级点数降低,2026-08-12,2026-08-13,verified
guide,Pax Autocratica 攻略,Steam Community news (Aug 11 patch),https://steamcommunity.com/app/1067360/allnews/,steamcommunity.com,存档失败；Prepare for Auryto 任务计数；Toxic Fog Core 触发问题修复,2026-08-11,2026-08-13,verified
wiki,Pax Autocratica wiki,Official gameplay video,https://www.youtube.com/watch?v=P_mDDybzjEw,youtube.com,12:23 官方玩法展示；仅用于场景与流程语境不推导隐藏数值,2026-08-10,2026-08-13,observed
wiki,Pax Autocratica wiki,Steam Community news (AG-12),https://steamcommunity.com/app/1067360/allnews/,steamcommunity.com,当前更新可证实的老化/Exile/备份/投放/难度/升级点数与 V 键已知问题,2026-08-12,2026-08-13,verified
strategy,Pax Autocratica 策略,Steam Community news (AG-12),https://steamcommunity.com/app/1067360/allnews/,steamcommunity.com,Infested Nest 难度降低；士兵升级点数降低；手动投放数量,2026-08-12,2026-08-13,verified
strategy,Pax Autocratica 策略,Official gameplay video,https://www.youtube.com/watch?v=P_mDDybzjEw,youtube.com,官方玩法循环与殖民/战斗语境展示；不代替实机数值测试,2026-08-10,2026-08-13,observed
tier-list,Pax Autocratica tier list,Official gameplay video,https://www.youtube.com/watch?v=P_mDDybzjEw,youtube.com,核心与战斗构筑的官方展示；不证明排行或隐藏倍率,2026-08-10,2026-08-13,observed
tier-list,Pax Autocratica tier list,Official launch trailer,https://www.youtube.com/watch?v=G3OkYGmB3cY,youtube.com,官方发售预告片的战斗/构筑语境；不证明机制,2026-08-10,2026-08-13,observed
walkthrough,Pax Autocratica walkthrough,Steam Community news (Aug 11 patch),https://steamcommunity.com/app/1067360/allnews/,steamcommunity.com,开局存档/任务/Toxic Fog 修复记录与 V 键战斗统计已知问题,2026-08-11,2026-08-13,verified
walkthrough,Pax Autocratica walkthrough,Official gameplay video,https://www.youtube.com/watch?v=P_mDDybzjEw,youtube.com,12:23 官方流程展示；用于路线语境而非完整实机攻略,2026-08-10,2026-08-13,observed
review,Pax Autocratica 评测,Steam store (current),https://store.steampowered.com/app/1067360/Pax_Autocratica/,store.steampowered.com,当前 Early Access/单人/Windows/手柄/存档与 825 条全语言评测快照,2026-08-10,2026-08-13,verified
review,Pax Autocratica 评测,Steam Community news (launch roadmap),https://steamcommunity.com/app/1067360/allnews/,steamcommunity.com,路线图计划：俘虏转化 v2；社交关系；殖民危机；强化士兵；Credchips；成就；online co-op；第 3/4 区域,2026-08-10,2026-08-13,verified
review,Pax Autocratica 评测,Steam Community reviews,https://steamcommunity.com/app/1067360/reviews/,steamcommunity.com,玩家问题聚类入口：可靠性/进度/战斗清晰度/EA 购买判断；不作为机制事实,2026-08-13,2026-08-13,observed
review,Pax Autocratica 评测,Independent community video,https://www.youtube.com/watch?v=8QzGLZv1wNc,youtube.com,买家语境与疑问发现；不作为机制事实,2026-08-13,2026-08-13,context_only
review,Pax Autocratica 评测,Independent community video,https://www.youtube.com/watch?v=1FdyxRtjZYQ,youtube.com,买家语境与疑问发现；不作为机制事实,2026-08-13,2026-08-13,context_only
multiplayer,Pax Autocratica 多人联机,Steam store (current),https://store.steampowered.com/app/1067360/Pax_Autocratica/,store.steampowered.com,当前商店功能列单人游戏,2026-08-10,2026-08-13,verified
multiplayer,Pax Autocratica 多人联机,Steam Community news (launch roadmap),https://steamcommunity.com/app/1067360/allnews/,steamcommunity.com,路线图列 online co-op；属于未来计划而非当前支持,2026-08-10,2026-08-13,verified
multiplayer,Pax Autocratica 多人联机,Developer AMA,https://www.reddit.com/r/Games/comments/1vkcn3d/ama_developer_of_pax_autocratica_here_a/,reddit.com,发售日开发者公开交流入口；不以 AMA 推断当前联机实现,2026-08-10,2026-08-13,observed
requirements,Pax Autocratica 配置,Steam store (current),https://store.steampowered.com/app/1067360/Pax_Autocratica/,store.steampowered.com,Windows 最低/推荐配置与当前平台信息,2026-08-10,2026-08-13,verified
requirements,Pax Autocratica 配置,Steam Community discussions,https://steamcommunity.com/app/1067360/discussions/,steamcommunity.com,玩家运行与平台问题入口；仅观察不替代系统需求,2026-08-13,2026-08-13,observed
updates,Pax Autocratica 更新,Steam Community news (AG-12),https://steamcommunity.com/app/1067360/allnews/,steamcommunity.com,Aug 12 AG-12 的功能/平衡/备份/已知 V 键问题,2026-08-12,2026-08-13,verified
updates,Pax Autocratica 更新,Steam Community news (Aug 11 patch),https://steamcommunity.com/app/1067360/allnews/,steamcommunity.com,Aug 11 存档/任务/Toxic Fog 修复,2026-08-11,2026-08-13,verified
updates,Pax Autocratica 更新,Developer AMA,https://www.reddit.com/r/Games/comments/1vkcn3d/ama_developer_of_pax_autocratica_here_a/,reddit.com,开发者发售日公开交流；用于版本语境而非补丁替代,2026-08-10,2026-08-13,observed
official-links,Pax Autocratica 官网,Official website,https://paxautocratica.com/,paxautocratica.com,官方域名入口；截至 2026-08-13 未核验到官方周边商店,2026-08-13,2026-08-13,not_verified
official-links,Pax Autocratica 官网,Official YouTube gameplay,https://www.youtube.com/watch?v=P_mDDybzjEw,youtube.com,官方 12:23 玩法视频入口,2026-08-10,2026-08-13,verified
official-links,Pax Autocratica 官网,Backer support thread,https://steamcommunity.com/app/1067360/discussions/0/546746241084767817/,steamcommunity.com,Discord/背客领取流程线索；不证明当前商品库存,2026-08-13,2026-08-13,observed
about,Pax Autocratica 资料站,Steam Community reviews,https://steamcommunity.com/app/1067360/reviews/,steamcommunity.com,社区评测只用于问题聚类与待复核信号,2026-08-13,2026-08-13,observed
about,Pax Autocratica 资料站,Independent community video,https://www.youtube.com/watch?v=8QzGLZv1wNc,youtube.com,买家语境；不作为机制事实,2026-08-13,2026-08-13,context_only
about,Pax Autocratica 资料站,Independent community video,https://www.youtube.com/watch?v=1FdyxRtjZYQ,youtube.com,买家语境；不作为机制事实,2026-08-13,2026-08-13,context_only
